Trial,100000000:exe,100000000:preempt,100:exe,100:preempt,50:exe,50:preempt,20:exe,20:preempt,10:exe,10:preempt,5:exe,5:preempt,3:exe,3:preempt
1,2.018018048,0,2.038642432,20106,2.046256896,40258,2.079806464,101484,2.139177472,206129,2.254287616,434233,2.414744064,774097
median,2.018018048,0,2.038642432,20106,2.046256896,40258,2.079806464,101484,2.139177472,206129,2.254287616,434233,2.414744064,774097
