Trial,100000000:exe,100000000:preempt,100:exe,100:preempt,50:exe,50:preempt,20:exe,20:preempt,10:exe,10:preempt,5:exe,5:preempt,3:exe,3:preempt
1,10.08429184,0,12.022368,118752,12.208187648,240563,12.634565376,617720,13.533247232,1306692,15.340955648,2963653,17.297292288,5562188
median,10.08429184,0,12.022368,118752,12.208187648,240563,12.634565376,617720,13.533247232,1306692,15.340955648,2963653,17.297292288,5562188
