Trial,100000000:exe,100000000:preempt,100:exe,100:preempt,50:exe,50:preempt,20:exe,20:preempt,10:exe,10:preempt,5:exe,5:preempt,3:exe,3:preempt
1,1.965753856,0,1.999702784,19918,2.02539904,40240,2.093005568,103162,2.208662016,215005,2.436692992,474153,2.709388032,878189
median,1.965753856,0,1.999702784,19918,2.02539904,40240,2.093005568,103162,2.208662016,215005,2.436692992,474153,2.709388032,878189
