Trial,100000000:exe,100000000:preempt,100:exe,100:preempt,50:exe,50:preempt,20:exe,20:preempt,10:exe,10:preempt,5:exe,5:preempt,3:exe,3:preempt
1,8.08123136,0,9.131353344,90123,9.464055808,186979,9.449174528,461529,9.954042624,960599,11.523759104,2223782,13.088141312,4206178
median,8.08123136,0,9.131353344,90123,9.464055808,186979,9.449174528,461529,9.954042624,960599,11.523759104,2223782,13.088141312,4206178
