Trial,100000000:exe,100000000:preempt,100:exe,100:preempt,50:exe,50:preempt,20:exe,20:preempt,10:exe,10:preempt,5:exe,5:preempt,3:exe,3:preempt
1,0.99104128,0,0.991226624,9876,0.99840512,19839,1.015856128,50065,1.04443648,101620,1.095545344,213018,1.162186496,376446
median,0.99104128,0,0.991226624,9876,0.99840512,19839,1.015856128,50065,1.04443648,101620,1.095545344,213018,1.162186496,376446
