Trial,100000000:exe,100000000:preempt,100:exe,100:preempt,50:exe,50:preempt,20:exe,20:preempt,10:exe,10:preempt,5:exe,5:preempt,3:exe,3:preempt
1,4.902722816,0,5.075274496,50535,5.1376128,102058,5.303632128,261320,5.64058752,548851,6.271607296,1220865,7.139776768,2314709
median,4.902722816,0,5.075274496,50535,5.1376128,102058,5.303632128,261320,5.64058752,548851,6.271607296,1220865,7.139776768,2314709
