Trial,100000000:exe,100000000:preempt,100:exe,100:preempt,50:exe,50:preempt,20:exe,20:preempt,10:exe,10:preempt,5:exe,5:preempt,3:exe,3:preempt
1,2.84204288,0,3.254848256,32409,3.298779648,65512,3.456845056,170302,3.61137664,351316,4.017490432,781211,4.660293632,1508795
median,2.84204288,0,3.254848256,32409,3.298779648,65512,3.456845056,170302,3.61137664,351316,4.017490432,781211,4.660293632,1508795
