Trial,100000000:exe,100000000:preempt,100:exe,100:preempt,50:exe,50:preempt,20:exe,20:preempt,10:exe,10:preempt,5:exe,5:preempt,3:exe,3:preempt
1,1.44345472,0,1.448589824,14443,1.447785216,28793,1.481227776,73066,1.52870144,148912,1.597702144,311045,1.69519616,549456
median,1.44345472,0,1.448589824,14443,1.447785216,28793,1.481227776,73066,1.52870144,148912,1.597702144,311045,1.69519616,549456
