Trial,100000000:exe,100000000:preempt,100:exe,100:preempt,50:exe,50:preempt,20:exe,20:preempt,10:exe,10:preempt,5:exe,5:preempt,3:exe,3:preempt
1,7.027821056,0,10.348302592,103023,10.517832448,208893,10.913149184,537530,11.588170752,1126900,12.965885696,2521409,14.940773888,4840897
median,7.027821056,0,10.348302592,103023,10.517832448,208893,10.913149184,537530,11.588170752,1126900,12.965885696,2521409,14.940773888,4840897
