Trial,100000000:exe,100000000:preempt,100:exe,100:preempt,50:exe,50:preempt,20:exe,20:preempt,10:exe,10:preempt,5:exe,5:preempt,3:exe,3:preempt
1,6.065302528,0,6.864464128,67735,6.969719808,137203,7.145732608,349044,7.54917632,728227,8.265114368,1594281,8.97321856,2880692
median,6.065302528,0,6.864464128,67735,6.969719808,137203,7.145732608,349044,7.54917632,728227,8.265114368,1594281,8.97321856,2880692
